[{"model": "admin.logentry", "pk": 1, "fields": {"action_time": "2022-04-02T07:44:58.336Z", "user": 1, "content_type": 9, "object_id": "1", "object_repr": "Демеуші: Юсупов Даурен", "action_flag": 2, "change_message": "[{\"changed\": {\"fields\": [\"Username\", \"\\u0410\\u0442\\u044b\", \"\\u0422\\u0435\\u0433\\u0456\", \"Image\"]}}]"}}, {"model": "admin.logentry", "pk": 2, "fields": {"action_time": "2022-04-02T07:47:08.189Z", "user": 1, "content_type": 3, "object_id": "1", "object_repr": "Демеуші", "action_flag": 1, "change_message": "[{\"added\": {}}]"}}, {"model": "admin.logentry", "pk": 3, "fields": {"action_time": "2022-04-02T08:32:27.312Z", "user": 1, "content_type": 3, "object_id": "2", "object_repr": "Әкім", "action_flag": 1, "change_message": "[{\"added\": {}}]"}}, {"model": "admin.logentry", "pk": 4, "fields": {"action_time": "2022-04-02T08:32:45.287Z", "user": 1, "content_type": 3, "object_id": "1", "object_repr": "Демеуші", "action_flag": 2, "change_message": "[{\"changed\": {\"fields\": [\"Permissions\"]}}]"}}, {"model": "admin.logentry", "pk": 5, "fields": {"action_time": "2022-04-02T08:33:32.969Z", "user": 1, "content_type": 3, "object_id": "3", "object_repr": "Қор", "action_flag": 1, "change_message": "[{\"added\": {}}]"}}, {"model": "admin.logentry", "pk": 6, "fields": {"action_time": "2022-04-02T08:33:55.035Z", "user": 1, "content_type": 10, "object_id": "1", "object_repr": "Шаян", "action_flag": 1, "change_message": "[{\"added\": {}}]"}}, {"model": "admin.logentry", "pk": 7, "fields": {"action_time": "2022-04-02T08:34:08.615Z", "user": 1, "content_type": 11, "object_id": "1", "object_repr": "Байдибек", "action_flag": 1, "change_message": "[{\"added\": {}}]"}}, {"model": "admin.logentry", "pk": 8, "fields": {"action_time": "2022-04-02T08:34:20.405Z", "user": 1, "content_type": 11, "object_id": "2", "object_repr": "Казыбек би", "action_flag": 1, "change_message": "[{\"added\": {}}]"}}, {"model": "admin.logentry", "pk": 9, "fields": {"action_time": "2022-04-02T08:35:31.138Z", "user": 1, "content_type": 9, "object_id": "2", "object_repr": "Нурсулу Ахмедова", "action_flag": 1, "change_message": "[{\"added\": {}}]"}}, {"model": "admin.logentry", "pk": 10, "fields": {"action_time": "2022-04-02T08:36:19.990Z", "user": 1, "content_type": 6, "object_id": "1", "object_repr": "Шаян, Байтурсынов 8", "action_flag": 1, "change_message": "[{\"added\": {}}]"}}, {"model": "admin.logentry", "pk": 11, "fields": {"action_time": "2022-04-02T08:38:42.115Z", "user": 1, "content_type": 14, "object_id": "1", "object_repr": "Мұқтаж", "action_flag": 1, "change_message": "[{\"added\": {}}]"}}, {"model": "admin.logentry", "pk": 12, "fields": {"action_time": "2022-04-02T08:38:49.099Z", "user": 1, "content_type": 14, "object_id": "2", "object_repr": "Жасалуда", "action_flag": 1, "change_message": "[{\"added\": {}}]"}}, {"model": "admin.logentry", "pk": 13, "fields": {"action_time": "2022-04-02T08:39:04.069Z", "user": 1, "content_type": 14, "object_id": "3", "object_repr": "Көмек алғандар", "action_flag": 1, "change_message": "[{\"added\": {}}]"}}, {"model": "admin.logentry", "pk": 14, "fields": {"action_time": "2022-04-02T08:39:14.844Z", "user": 1, "content_type": 12, "object_id": "1", "object_repr": "Мөгедек", "action_flag": 1, "change_message": "[{\"added\": {}}]"}}, {"model": "admin.logentry", "pk": 15, "fields": {"action_time": "2022-04-02T08:39:20.530Z", "user": 1, "content_type": 12, "object_id": "2", "object_repr": "Жетім", "action_flag": 1, "change_message": "[{\"added\": {}}]"}}, {"model": "admin.logentry", "pk": 16, "fields": {"action_time": "2022-04-02T08:39:45.570Z", "user": 1, "content_type": 13, "object_id": "1", "object_repr": "Нашар", "action_flag": 1, "change_message": "[{\"added\": {}}]"}}, {"model": "admin.logentry", "pk": 17, "fields": {"action_time": "2022-04-02T08:39:50.353Z", "user": 1, "content_type": 13, "object_id": "2", "object_repr": "Орта", "action_flag": 1, "change_message": "[{\"added\": {}}]"}}, {"model": "admin.logentry", "pk": 18, "fields": {"action_time": "2022-04-02T08:40:00.702Z", "user": 1, "content_type": 13, "object_id": "3", "object_repr": "Ортадан жоғары", "action_flag": 1, "change_message": "[{\"added\": {}}]"}}, {"model": "admin.logentry", "pk": 19, "fields": {"action_time": "2022-04-02T08:40:09.650Z", "user": 1, "content_type": 7, "object_id": "1", "object_repr": "Нурсулу Ахмедова", "action_flag": 1, "change_message": "[{\"added\": {}}]"}}, {"model": "admin.logentry", "pk": 20, "fields": {"action_time": "2022-04-02T08:40:29.949Z", "user": 1, "content_type": 6, "object_id": "2", "object_repr": "Шаян, Байтурсынов 8", "action_flag": 1, "change_message": "[{\"added\": {}}]"}}, {"model": "admin.logentry", "pk": 21, "fields": {"action_time": "2022-04-02T08:41:01.900Z", "user": 1, "content_type": 7, "object_id": "1", "object_repr": "Нурсулу Ахмедова", "action_flag": 2, "change_message": "[{\"changed\": {\"fields\": [\"\\u041e\\u0442\\u0431\\u0430\\u0441\\u044b\"]}}]"}}, {"model": "admin.logentry", "pk": 22, "fields": {"action_time": "2022-04-02T08:41:07.565Z", "user": 1, "content_type": 6, "object_id": "1", "object_repr": "Шаян, Байтурсынов 8", "action_flag": 3, "change_message": ""}}, {"model": "admin.logentry", "pk": 23, "fields": {"action_time": "2022-04-02T08:41:59.521Z", "user": 1, "content_type": 9, "object_id": "3", "object_repr": "Даурен Жунусов", "action_flag": 1, "change_message": "[{\"added\": {}}]"}}, {"model": "admin.logentry", "pk": 24, "fields": {"action_time": "2022-04-02T08:42:45.754Z", "user": 1, "content_type": 9, "object_id": "4", "object_repr": "Қор", "action_flag": 1, "change_message": "[{\"added\": {}}]"}}, {"model": "admin.logentry", "pk": 25, "fields": {"action_time": "2022-04-02T08:44:14.053Z", "user": 1, "content_type": 9, "object_id": "5", "object_repr": "Максат Ризаметов", "action_flag": 1, "change_message": "[{\"added\": {}}]"}}, {"model": "admin.logentry", "pk": 26, "fields": {"action_time": "2022-04-02T08:45:22.698Z", "user": 1, "content_type": 9, "object_id": "6", "object_repr": "Бахыт Юсупов", "action_flag": 1, "change_message": "[{\"added\": {}}]"}}, {"model": "admin.logentry", "pk": 27, "fields": {"action_time": "2022-04-02T08:50:35.550Z", "user": 1, "content_type": 9, "object_id": "7", "object_repr": "Демеуші 2", "action_flag": 1, "change_message": "[{\"added\": {}}]"}}, {"model": "admin.logentry", "pk": 28, "fields": {"action_time": "2022-04-02T08:53:32.259Z", "user": 1, "content_type": 9, "object_id": "8", "object_repr": "Гани Утегенов", "action_flag": 1, "change_message": "[{\"added\": {}}]"}}, {"model": "admin.logentry", "pk": 29, "fields": {"action_time": "2022-04-02T08:55:36.749Z", "user": 1, "content_type": 9, "object_id": "9", "object_repr": "Хаят Рахимов", "action_flag": 1, "change_message": "[{\"added\": {}}]"}}, {"model": "admin.logentry", "pk": 30, "fields": {"action_time": "2022-04-02T08:56:51.376Z", "user": 1, "content_type": 7, "object_id": "2", "object_repr": "Хаят Рахимов", "action_flag": 1, "change_message": "[{\"added\": {}}]"}}, {"model": "admin.logentry", "pk": 31, "fields": {"action_time": "2022-04-02T08:57:17.797Z", "user": 1, "content_type": 6, "object_id": "2", "object_repr": "Шаян, Байтурсынов 8", "action_flag": 2, "change_message": "[{\"changed\": {\"fields\": [\"\\u041e\\u0442\\u0431\\u0430\\u0441\\u044b\\u043d\\u044b\\u04a3 \\u04af\\u043b\\u043a\\u0435\\u043d\\u0456\"]}}]"}}, {"model": "admin.logentry", "pk": 32, "fields": {"action_time": "2022-04-02T08:57:27.468Z", "user": 1, "content_type": 6, "object_id": "3", "object_repr": "Кунаева 86", "action_flag": 1, "change_message": "[{\"added\": {}}]"}}, {"model": "admin.logentry", "pk": 33, "fields": {"action_time": "2022-04-02T08:58:10.194Z", "user": 1, "content_type": 7, "object_id": "3", "object_repr": "Даурен Жунусов", "action_flag": 1, "change_message": "[{\"added\": {}}]"}}, {"model": "admin.logentry", "pk": 34, "fields": {"action_time": "2022-04-02T08:58:35.816Z", "user": 1, "content_type": 9, "object_id": "1", "object_repr": "Қор", "action_flag": 2, "change_message": "[{\"changed\": {\"fields\": [\"Username\", \"Groups\"]}}]"}}, {"model": "admin.logentry", "pk": 35, "fields": {"action_time": "2022-04-02T08:58:40.620Z", "user": 1, "content_type": 9, "object_id": "1", "object_repr": "Кор", "action_flag": 2, "change_message": "[{\"changed\": {\"fields\": [\"Username\"]}}]"}}, {"model": "admin.logentry", "pk": 36, "fields": {"action_time": "2022-04-02T08:59:35.099Z", "user": 1, "content_type": 7, "object_id": "4", "object_repr": "Гани Утегенов", "action_flag": 1, "change_message": "[{\"added\": {}}]"}}, {"model": "admin.logentry", "pk": 37, "fields": {"action_time": "2022-04-02T09:00:31.092Z", "user": 1, "content_type": 7, "object_id": "5", "object_repr": "Бахыт Юсупов", "action_flag": 1, "change_message": "[{\"added\": {}}]"}}, {"model": "admin.logentry", "pk": 38, "fields": {"action_time": "2022-04-02T09:01:31.393Z", "user": 1, "content_type": 6, "object_id": "4", "object_repr": "Кызылжар 765", "action_flag": 1, "change_message": "[{\"added\": {}}]"}}, {"model": "admin.logentry", "pk": 39, "fields": {"action_time": "2022-04-02T09:01:52.027Z", "user": 1, "content_type": 7, "object_id": "6", "object_repr": "Максат Ризаметов", "action_flag": 1, "change_message": "[{\"added\": {}}]"}}, {"model": "admin.logentry", "pk": 40, "fields": {"action_time": "2022-04-02T09:02:56.923Z", "user": 1, "content_type": 9, "object_id": "10", "object_repr": "Расул Шавкатов", "action_flag": 1, "change_message": "[{\"added\": {}}]"}}, {"model": "admin.logentry", "pk": 41, "fields": {"action_time": "2022-04-02T09:03:30.467Z", "user": 1, "content_type": 7, "object_id": "7", "object_repr": "Расул Шавкатов", "action_flag": 1, "change_message": "[{\"added\": {}}]"}}, {"model": "admin.logentry", "pk": 42, "fields": {"action_time": "2022-04-02T09:03:56.274Z", "user": 1, "content_type": 6, "object_id": "3", "object_repr": "Кунаева 86", "action_flag": 2, "change_message": "[{\"changed\": {\"fields\": [\"\\u041e\\u0442\\u0431\\u0430\\u0441\\u044b\\u043d\\u044b\\u04a3 \\u04af\\u043b\\u043a\\u0435\\u043d\\u0456\"]}}]"}}, {"model": "admin.logentry", "pk": 43, "fields": {"action_time": "2022-04-02T09:05:54.156Z", "user": 1, "content_type": 9, "object_id": "1", "object_repr": "Қор", "action_flag": 2, "change_message": "[{\"changed\": {\"fields\": [\"Username\"]}}]"}}, {"model": "admin.logentry", "pk": 44, "fields": {"action_time": "2022-04-02T09:06:19.916Z", "user": 1, "content_type": 8, "object_id": "1", "object_repr": "Демеуші 2: 2022-04-02 ", "action_flag": 1, "change_message": "[{\"added\": {}}]"}}, {"model": "admin.logentry", "pk": 45, "fields": {"action_time": "2022-04-02T09:06:45.590Z", "user": 1, "content_type": 9, "object_id": "4", "object_repr": "Демеуші: Болат Рахым", "action_flag": 2, "change_message": "[{\"changed\": {\"fields\": [\"Username\", \"Groups\"]}}]"}}, {"model": "admin.logentry", "pk": 46, "fields": {"action_time": "2022-04-02T09:07:00.615Z", "user": 1, "content_type": 9, "object_id": "7", "object_repr": "Демеуші: Есжанов Нурдаулет", "action_flag": 2, "change_message": "[{\"changed\": {\"fields\": [\"Username\"]}}]"}}, {"model": "admin.logentry", "pk": 47, "fields": {"action_time": "2022-04-02T09:07:27.060Z", "user": 1, "content_type": 8, "object_id": "2", "object_repr": "Демеуші: 2022-04-02 ", "action_flag": 1, "change_message": "[{\"added\": {}}]"}}, {"model": "admin.logentry", "pk": 48, "fields": {"action_time": "2022-04-02T09:07:40.814Z", "user": 1, "content_type": 8, "object_id": "3", "object_repr": "Хаят Рахимов: 2022-04-02 ", "action_flag": 1, "change_message": "[{\"added\": {}}]"}}, {"model": "admin.logentry", "pk": 49, "fields": {"action_time": "2022-04-02T09:07:54.379Z", "user": 1, "content_type": 8, "object_id": "4", "object_repr": "Демеуші: 2022-04-02 ", "action_flag": 1, "change_message": "[{\"added\": {}}]"}}, {"model": "admin.logentry", "pk": 50, "fields": {"action_time": "2022-04-02T09:08:55.835Z", "user": 1, "content_type": 8, "object_id": "5", "object_repr": "Қор: 2022-04-02 ", "action_flag": 1, "change_message": "[{\"added\": {}}]"}}, {"model": "admin.logentry", "pk": 51, "fields": {"action_time": "2022-04-02T09:09:18.268Z", "user": 1, "content_type": 8, "object_id": "6", "object_repr": "Демеуші: 2022-04-02 ", "action_flag": 1, "change_message": "[{\"added\": {}}]"}}, {"model": "admin.logentry", "pk": 52, "fields": {"action_time": "2022-04-02T12:43:33.374Z", "user": 1, "content_type": 6, "object_id": "4", "object_repr": "Кызылжар 765", "action_flag": 2, "change_message": "[{\"changed\": {\"fields\": [\"\\u041e\\u0442\\u0431\\u0430\\u0441\\u044b\\u043d\\u044b\\u04a3 \\u04af\\u043b\\u043a\\u0435\\u043d\\u0456\"]}}]"}}, {"model": "admin.logentry", "pk": 53, "fields": {"action_time": "2022-04-02T13:48:20.246Z", "user": 1, "content_type": 6, "object_id": "4", "object_repr": "Кызылжар 765", "action_flag": 2, "change_message": "[{\"changed\": {\"fields\": [\"\\u041e\\u0442\\u0431\\u0430\\u0441\\u044b\\u043d\\u044b\\u04a3 \\u04af\\u043b\\u043a\\u0435\\u043d\\u0456\"]}}]"}}, {"model": "admin.logentry", "pk": 54, "fields": {"action_time": "2022-04-13T12:13:09.317Z", "user": 1, "content_type": 7, "object_id": "3", "object_repr": "Даурен Жунусов", "action_flag": 2, "change_message": "[]"}}, {"model": "admin.logentry", "pk": 55, "fields": {"action_time": "2022-04-14T09:31:04.860Z", "user": 1, "content_type": 6, "object_id": "5", "object_repr": "Шымкент", "action_flag": 1, "change_message": "[{\"added\": {}}]"}}, {"model": "admin.logentry", "pk": 56, "fields": {"action_time": "2022-04-14T09:31:29.903Z", "user": 1, "content_type": 7, "object_id": "7", "object_repr": "Расул Шавкатов", "action_flag": 2, "change_message": "[{\"changed\": {\"fields\": [\"\\u041e\\u0442\\u0431\\u0430\\u0441\\u044b\"]}}]"}}, {"model": "admin.logentry", "pk": 57, "fields": {"action_time": "2022-04-14T09:31:41.017Z", "user": 1, "content_type": 6, "object_id": "5", "object_repr": "Шымкент", "action_flag": 2, "change_message": "[{\"changed\": {\"fields\": [\"\\u041e\\u0442\\u0431\\u0430\\u0441\\u044b\\u043d\\u044b\\u04a3 \\u04af\\u043b\\u043a\\u0435\\u043d\\u0456\"]}}]"}}, {"model": "admin.logentry", "pk": 58, "fields": {"action_time": "2022-04-14T09:31:49.424Z", "user": 1, "content_type": 6, "object_id": "4", "object_repr": "Кызылжар 765", "action_flag": 2, "change_message": "[{\"changed\": {\"fields\": [\"\\u041e\\u0442\\u0431\\u0430\\u0441\\u044b\\u043d\\u044b\\u04a3 \\u04af\\u043b\\u043a\\u0435\\u043d\\u0456\"]}}]"}}, {"model": "admin.logentry", "pk": 59, "fields": {"action_time": "2022-04-19T22:14:10.886Z", "user": 1, "content_type": 9, "object_id": "10", "object_repr": "Расул Шавкатов", "action_flag": 2, "change_message": "[{\"changed\": {\"fields\": [\"Image\"]}}]"}}, {"model": "admin.logentry", "pk": 60, "fields": {"action_time": "2022-04-20T13:32:10.785Z", "user": 1, "content_type": 7, "object_id": "7", "object_repr": "Расул Шавкатов", "action_flag": 2, "change_message": "[{\"changed\": {\"fields\": [\"\\u049a\\u0430\\u043d\\u0434\\u0430\\u0439 \\u043a\\u04e9\\u043c\\u0435\\u043a \\u0430\\u043b\\u0434\\u044b\"]}}]"}}, {"model": "admin.logentry", "pk": 61, "fields": {"action_time": "2022-04-20T17:07:02.184Z", "user": 1, "content_type": 9, "object_id": "2", "object_repr": "Нурсулу Ахмедова", "action_flag": 2, "change_message": "[{\"changed\": {\"fields\": [\"Image\"]}}]"}}, {"model": "admin.logentry", "pk": 62, "fields": {"action_time": "2022-04-20T17:07:17.316Z", "user": 1, "content_type": 9, "object_id": "2", "object_repr": "Нурсулу Ахмедова", "action_flag": 2, "change_message": "[]"}}, {"model": "admin.logentry", "pk": 63, "fields": {"action_time": "2022-04-20T17:07:30.693Z", "user": 1, "content_type": 9, "object_id": "2", "object_repr": "Нурсулу Ахмедова", "action_flag": 2, "change_message": "[{\"changed\": {\"fields\": [\"Image\"]}}]"}}, {"model": "admin.logentry", "pk": 64, "fields": {"action_time": "2022-04-20T17:09:05.762Z", "user": 1, "content_type": 7, "object_id": "1", "object_repr": "Нурсулу Ахмедова", "action_flag": 2, "change_message": "[{\"changed\": {\"fields\": [\"\\u0416\\u0421\\u041d\"]}}]"}}, {"model": "admin.logentry", "pk": 65, "fields": {"action_time": "2022-04-24T13:17:46.134Z", "user": 1, "content_type": 7, "object_id": "1", "object_repr": "Нурсулу Ахмедова", "action_flag": 2, "change_message": "[{\"changed\": {\"fields\": [\"\\u049a\\u0430\\u043d\\u0434\\u0430\\u0439 \\u043a\\u04e9\\u043c\\u0435\\u043a \\u0430\\u043b\\u0434\\u044b\", \"\\u049a\\u0430\\u043d\\u0434\\u0430\\u0439 \\u043a\\u04e9\\u043c\\u0435\\u043a \\u049b\\u0430\\u0436\\u0435\\u0442\", \"\\u041f\\u0456\\u043a\\u0456\\u0440\"]}}]"}}, {"model": "admin.logentry", "pk": 66, "fields": {"action_time": "2022-04-24T13:19:33.263Z", "user": 1, "content_type": 7, "object_id": "1", "object_repr": "Нурсулу Ахмедова", "action_flag": 2, "change_message": "[{\"changed\": {\"fields\": [\"\\u049a\\u0430\\u043d\\u0434\\u0430\\u0439 \\u043a\\u04e9\\u043c\\u0435\\u043a \\u0430\\u043b\\u0434\\u044b\", \"\\u049a\\u0430\\u043d\\u0434\\u0430\\u0439 \\u043a\\u04e9\\u043c\\u0435\\u043a \\u049b\\u0430\\u0436\\u0435\\u0442\", \"\\u041f\\u0456\\u043a\\u0456\\u0440\"]}}]"}}, {"model": "admin.logentry", "pk": 67, "fields": {"action_time": "2022-04-24T19:15:48.344Z", "user": 1, "content_type": 6, "object_id": "6", "object_repr": "Шаян, Байтурсынов 8", "action_flag": 1, "change_message": "[{\"added\": {}}]"}}, {"model": "admin.logentry", "pk": 68, "fields": {"action_time": "2022-04-24T19:18:41.620Z", "user": 1, "content_type": 7, "object_id": "5", "object_repr": "Бахыт Юсупов", "action_flag": 2, "change_message": "[{\"changed\": {\"fields\": [\"\\u041e\\u0442\\u0431\\u0430\\u0441\\u044b\"]}}]"}}, {"model": "admin.logentry", "pk": 69, "fields": {"action_time": "2022-04-24T19:18:54.516Z", "user": 1, "content_type": 7, "object_id": "5", "object_repr": "Бахыт Юсупов", "action_flag": 2, "change_message": "[{\"changed\": {\"fields\": [\"\\u041e\\u0442\\u0431\\u0430\\u0441\\u044b\"]}}]"}}, {"model": "admin.logentry", "pk": 70, "fields": {"action_time": "2022-04-24T19:19:01.439Z", "user": 1, "content_type": 6, "object_id": "6", "object_repr": "Шаян, Байтурсынов 8", "action_flag": 2, "change_message": "[{\"changed\": {\"fields\": [\"\\u041e\\u0442\\u0431\\u0430\\u0441\\u044b\\u043d\\u044b\\u04a3 \\u04af\\u043b\\u043a\\u0435\\u043d\\u0456\"]}}]"}}, {"model": "admin.logentry", "pk": 71, "fields": {"action_time": "2022-04-24T20:17:07.983Z", "user": 1, "content_type": 8, "object_id": "3", "object_repr": "Қор: 2022-04-02 ", "action_flag": 2, "change_message": "[{\"changed\": {\"fields\": [\"User\", \"Needy\"]}}]"}}, {"model": "admin.logentry", "pk": 72, "fields": {"action_time": "2022-04-27T07:27:02.006Z", "user": 1, "content_type": 7, "object_id": "7", "object_repr": "Нурсулу Ахмедова", "action_flag": 2, "change_message": "[{\"changed\": {\"fields\": [\"User\"]}}]"}}, {"model": "admin.logentry", "pk": 73, "fields": {"action_time": "2022-04-27T07:27:07.214Z", "user": 1, "content_type": 7, "object_id": "7", "object_repr": "Расул Шавкатов", "action_flag": 2, "change_message": "[{\"changed\": {\"fields\": [\"User\"]}}]"}}, {"model": "admin.logentry", "pk": 74, "fields": {"action_time": "2022-04-27T07:30:05.665Z", "user": 1, "content_type": 9, "object_id": "1", "object_repr": "Қор", "action_flag": 2, "change_message": "[{\"changed\": {\"fields\": [\"Groups\"]}}]"}}, {"model": "admin.logentry", "pk": 75, "fields": {"action_time": "2022-04-27T07:38:59.484Z", "user": 11, "content_type": 9, "object_id": "11", "object_repr": "Демеуші: Дияр Дияр", "action_flag": 2, "change_message": "[{\"changed\": {\"fields\": [\"Username\", \"\\u0410\\u0442\\u044b\", \"\\u0422\\u0435\\u0433\\u0456\", \"Groups\"]}}]"}}, {"model": "admin.logentry", "pk": 76, "fields": {"action_time": "2022-04-27T07:39:06.483Z", "user": 11, "content_type": 9, "object_id": "11", "object_repr": "Дияр", "action_flag": 2, "change_message": "[{\"changed\": {\"fields\": [\"Username\"]}}]"}}, {"model": "admin.logentry", "pk": 77, "fields": {"action_time": "2022-04-27T07:39:13.812Z", "user": 11, "content_type": 9, "object_id": "11", "object_repr": "Демеуші: Дияр Дияр", "action_flag": 2, "change_message": "[{\"changed\": {\"fields\": [\"Username\"]}}]"}}, {"model": "admin.logentry", "pk": 78, "fields": {"action_time": "2022-04-27T07:53:14.137Z", "user": 11, "content_type": 3, "object_id": "4", "object_repr": "Мұқтаж", "action_flag": 1, "change_message": "[{\"added\": {}}]"}}, {"model": "admin.logentry", "pk": 79, "fields": {"action_time": "2022-04-27T07:53:23.431Z", "user": 11, "content_type": 9, "object_id": "10", "object_repr": "Шавкатов Расул", "action_flag": 2, "change_message": "[{\"changed\": {\"fields\": [\"Groups\"]}}]"}}, {"model": "admin.logentry", "pk": 80, "fields": {"action_time": "2022-04-27T07:53:31.326Z", "user": 11, "content_type": 9, "object_id": "2", "object_repr": "Ахмедова Нурсулу", "action_flag": 2, "change_message": "[{\"changed\": {\"fields\": [\"Groups\"]}}]"}}, {"model": "admin.logentry", "pk": 81, "fields": {"action_time": "2022-04-27T07:53:42.381Z", "user": 11, "content_type": 9, "object_id": "9", "object_repr": "Рахимов Хаят", "action_flag": 2, "change_message": "[{\"changed\": {\"fields\": [\"Groups\"]}}]"}}, {"model": "admin.logentry", "pk": 82, "fields": {"action_time": "2022-04-27T07:53:47.185Z", "user": 11, "content_type": 9, "object_id": "3", "object_repr": "Жунусов Даурен", "action_flag": 2, "change_message": "[{\"changed\": {\"fields\": [\"Groups\"]}}]"}}, {"model": "admin.logentry", "pk": 83, "fields": {"action_time": "2022-04-27T07:53:53.722Z", "user": 11, "content_type": 9, "object_id": "8", "object_repr": "Утегенов Гани", "action_flag": 2, "change_message": "[{\"changed\": {\"fields\": [\"Groups\"]}}]"}}, {"model": "admin.logentry", "pk": 84, "fields": {"action_time": "2022-04-27T07:54:03.844Z", "user": 11, "content_type": 9, "object_id": "6", "object_repr": "Юсупов Бахыт", "action_flag": 2, "change_message": "[{\"changed\": {\"fields\": [\"Groups\"]}}]"}}, {"model": "admin.logentry", "pk": 85, "fields": {"action_time": "2022-04-27T07:54:11.423Z", "user": 11, "content_type": 9, "object_id": "5", "object_repr": "Ризаметов Максат", "action_flag": 2, "change_message": "[{\"changed\": {\"fields\": [\"Groups\"]}}]"}}, {"model": "admin.logentry", "pk": 86, "fields": {"action_time": "2022-04-27T08:00:34.709Z", "user": 11, "content_type": 9, "object_id": "12", "object_repr": "Бахтияров Ахмед", "action_flag": 1, "change_message": "[{\"added\": {}}]"}}, {"model": "admin.logentry", "pk": 87, "fields": {"action_time": "2022-04-27T08:02:33.268Z", "user": 11, "content_type": 9, "object_id": "12", "object_repr": "Бахтияров Ахмед", "action_flag": 2, "change_message": "[]"}}, {"model": "admin.logentry", "pk": 88, "fields": {"action_time": "2022-04-27T08:02:57.775Z", "user": 11, "content_type": 9, "object_id": "12", "object_repr": "Бахтияров Ахмед", "action_flag": 2, "change_message": "[]"}}, {"model": "admin.logentry", "pk": 89, "fields": {"action_time": "2022-04-27T08:04:42.756Z", "user": 11, "content_type": 9, "object_id": "12", "object_repr": "Бахтияров Ахмед", "action_flag": 2, "change_message": "[]"}}, {"model": "admin.logentry", "pk": 90, "fields": {"action_time": "2022-04-27T08:04:58.104Z", "user": 11, "content_type": 9, "object_id": "12", "object_repr": "Бахтияров Ахмед", "action_flag": 2, "change_message": "[]"}}, {"model": "admin.logentry", "pk": 91, "fields": {"action_time": "2022-04-27T08:05:13.661Z", "user": 11, "content_type": 9, "object_id": "12", "object_repr": "Бахтияров Ахмед", "action_flag": 2, "change_message": "[]"}}, {"model": "admin.logentry", "pk": 92, "fields": {"action_time": "2022-04-27T08:05:26.708Z", "user": 11, "content_type": 9, "object_id": "12", "object_repr": "Бахтияров Ахмед", "action_flag": 2, "change_message": "[]"}}, {"model": "admin.logentry", "pk": 93, "fields": {"action_time": "2022-04-27T08:05:41.425Z", "user": 11, "content_type": 9, "object_id": "12", "object_repr": "Бахтияров Ахмед", "action_flag": 2, "change_message": "[]"}}, {"model": "auth.permission", "pk": 1, "fields": {"name": "Can add log entry", "content_type": 1, "codename": "add_logentry"}}, {"model": "auth.permission", "pk": 2, "fields": {"name": "Can change log entry", "content_type": 1, "codename": "change_logentry"}}, {"model": "auth.permission", "pk": 3, "fields": {"name": "Can delete log entry", "content_type": 1, "codename": "delete_logentry"}}, {"model": "auth.permission", "pk": 4, "fields": {"name": "Can view log entry", "content_type": 1, "codename": "view_logentry"}}, {"model": "auth.permission", "pk": 5, "fields": {"name": "Can add permission", "content_type": 2, "codename": "add_permission"}}, {"model": "auth.permission", "pk": 6, "fields": {"name": "Can change permission", "content_type": 2, "codename": "change_permission"}}, {"model": "auth.permission", "pk": 7, "fields": {"name": "Can delete permission", "content_type": 2, "codename": "delete_permission"}}, {"model": "auth.permission", "pk": 8, "fields": {"name": "Can view permission", "content_type": 2, "codename": "view_permission"}}, {"model": "auth.permission", "pk": 9, "fields": {"name": "Can add group", "content_type": 3, "codename": "add_group"}}, {"model": "auth.permission", "pk": 10, "fields": {"name": "Can change group", "content_type": 3, "codename": "change_group"}}, {"model": "auth.permission", "pk": 11, "fields": {"name": "Can delete group", "content_type": 3, "codename": "delete_group"}}, {"model": "auth.permission", "pk": 12, "fields": {"name": "Can view group", "content_type": 3, "codename": "view_group"}}, {"model": "auth.permission", "pk": 13, "fields": {"name": "Can add content type", "content_type": 4, "codename": "add_contenttype"}}, {"model": "auth.permission", "pk": 14, "fields": {"name": "Can change content type", "content_type": 4, "codename": "change_contenttype"}}, {"model": "auth.permission", "pk": 15, "fields": {"name": "Can delete content type", "content_type": 4, "codename": "delete_contenttype"}}, {"model": "auth.permission", "pk": 16, "fields": {"name": "Can view content type", "content_type": 4, "codename": "view_contenttype"}}, {"model": "auth.permission", "pk": 17, "fields": {"name": "Can add session", "content_type": 5, "codename": "add_session"}}, {"model": "auth.permission", "pk": 18, "fields": {"name": "Can change session", "content_type": 5, "codename": "change_session"}}, {"model": "auth.permission", "pk": 19, "fields": {"name": "Can delete session", "content_type": 5, "codename": "delete_session"}}, {"model": "auth.permission", "pk": 20, "fields": {"name": "Can view session", "content_type": 5, "codename": "view_session"}}, {"model": "auth.permission", "pk": 21, "fields": {"name": "Can add Отбасы", "content_type": 6, "codename": "add_family"}}, {"model": "auth.permission", "pk": 22, "fields": {"name": "Can change Отбасы", "content_type": 6, "codename": "change_family"}}, {"model": "auth.permission", "pk": 23, "fields": {"name": "Can delete Отбасы", "content_type": 6, "codename": "delete_family"}}, {"model": "auth.permission", "pk": 24, "fields": {"name": "Can view Отбасы", "content_type": 6, "codename": "view_family"}}, {"model": "auth.permission", "pk": 25, "fields": {"name": "Can add Заявка", "content_type": 7, "codename": "add_needy"}}, {"model": "auth.permission", "pk": 26, "fields": {"name": "Can change Заявка", "content_type": 7, "codename": "change_needy"}}, {"model": "auth.permission", "pk": 27, "fields": {"name": "Can delete Заявка", "content_type": 7, "codename": "delete_needy"}}, {"model": "auth.permission", "pk": 28, "fields": {"name": "Can view Заявка", "content_type": 7, "codename": "view_needy"}}, {"model": "auth.permission", "pk": 29, "fields": {"name": "Can add Оқиға", "content_type": 8, "codename": "add_event"}}, {"model": "auth.permission", "pk": 30, "fields": {"name": "Can change Оқиға", "content_type": 8, "codename": "change_event"}}, {"model": "auth.permission", "pk": 31, "fields": {"name": "Can delete Оқиға", "content_type": 8, "codename": "delete_event"}}, {"model": "auth.permission", "pk": 32, "fields": {"name": "Can view Оқиға", "content_type": 8, "codename": "view_event"}}, {"model": "auth.permission", "pk": 33, "fields": {"name": "Can add user", "content_type": 9, "codename": "add_user"}}, {"model": "auth.permission", "pk": 34, "fields": {"name": "Can change user", "content_type": 9, "codename": "change_user"}}, {"model": "auth.permission", "pk": 35, "fields": {"name": "Can delete user", "content_type": 9, "codename": "delete_user"}}, {"model": "auth.permission", "pk": 36, "fields": {"name": "Can view user", "content_type": 9, "codename": "view_user"}}, {"model": "auth.permission", "pk": 37, "fields": {"name": "Can add Ауылдық округ", "content_type": 10, "codename": "add_ruraldistrict"}}, {"model": "auth.permission", "pk": 38, "fields": {"name": "Can change Ауылдық округ", "content_type": 10, "codename": "change_ruraldistrict"}}, {"model": "auth.permission", "pk": 39, "fields": {"name": "Can delete Ауылдық округ", "content_type": 10, "codename": "delete_ruraldistrict"}}, {"model": "auth.permission", "pk": 40, "fields": {"name": "Can view Ауылдық округ", "content_type": 10, "codename": "view_ruraldistrict"}}, {"model": "auth.permission", "pk": 41, "fields": {"name": "Can add Елді мекен", "content_type": 11, "codename": "add_localities"}}, {"model": "auth.permission", "pk": 42, "fields": {"name": "Can change Елді мекен", "content_type": 11, "codename": "change_localities"}}, {"model": "auth.permission", "pk": 43, "fields": {"name": "Can delete Елді мекен", "content_type": 11, "codename": "delete_localities"}}, {"model": "auth.permission", "pk": 44, "fields": {"name": "Can view Елді мекен", "content_type": 11, "codename": "view_localities"}}, {"model": "auth.permission", "pk": 45, "fields": {"name": "Can add Категория", "content_type": 12, "codename": "add_category"}}, {"model": "auth.permission", "pk": 46, "fields": {"name": "Can change Категория", "content_type": 12, "codename": "change_category"}}, {"model": "auth.permission", "pk": 47, "fields": {"name": "Can delete Категория", "content_type": 12, "codename": "delete_category"}}, {"model": "auth.permission", "pk": 48, "fields": {"name": "Can view Категория", "content_type": 12, "codename": "view_category"}}, {"model": "auth.permission", "pk": 49, "fields": {"name": "Can add Үйінің жағдайы", "content_type": 13, "codename": "add_statushome"}}, {"model": "auth.permission", "pk": 50, "fields": {"name": "Can change Үйінің жағдайы", "content_type": 13, "codename": "change_statushome"}}, {"model": "auth.permission", "pk": 51, "fields": {"name": "Can delete Үйінің жағдайы", "content_type": 13, "codename": "delete_statushome"}}, {"model": "auth.permission", "pk": 52, "fields": {"name": "Can view Үйінің жағдайы", "content_type": 13, "codename": "view_statushome"}}, {"model": "auth.permission", "pk": 53, "fields": {"name": "Can add Статус жағдайы", "content_type": 14, "codename": "add_statustype"}}, {"model": "auth.permission", "pk": 54, "fields": {"name": "Can change Статус жағдайы", "content_type": 14, "codename": "change_statustype"}}, {"model": "auth.permission", "pk": 55, "fields": {"name": "Can delete Статус жағдайы", "content_type": 14, "codename": "delete_statustype"}}, {"model": "auth.permission", "pk": 56, "fields": {"name": "Can view Статус жағдайы", "content_type": 14, "codename": "view_statustype"}}, {"model": "auth.group", "pk": 1, "fields": {"name": "Демеуші", "permissions": [36, 32, 24, 28]}}, {"model": "auth.group", "pk": 2, "fields": {"name": "Әкім", "permissions": []}}, {"model": "auth.group", "pk": 3, "fields": {"name": "Қор", "permissions": [33, 34, 35, 36, 41, 42, 43, 44, 37, 38, 39, 40, 29, 30, 31, 32, 21, 22, 23, 24, 25, 26, 27, 28, 45, 46, 47, 48, 49, 50, 51, 52, 53, 54, 55, 56]}}, {"model": "auth.group", "pk": 4, "fields": {"name": "Мұқтаж", "permissions": []}}, {"model": "contenttypes.contenttype", "pk": 1, "fields": {"app_label": "admin", "model": "logentry"}}, {"model": "contenttypes.contenttype", "pk": 2, "fields": {"app_label": "auth", "model": "permission"}}, {"model": "contenttypes.contenttype", "pk": 3, "fields": {"app_label": "auth", "model": "group"}}, {"model": "contenttypes.contenttype", "pk": 4, "fields": {"app_label": "contenttypes", "model": "contenttype"}}, {"model": "contenttypes.contenttype", "pk": 5, "fields": {"app_label": "sessions", "model": "session"}}, {"model": "contenttypes.contenttype", "pk": 6, "fields": {"app_label": "main", "model": "family"}}, {"model": "contenttypes.contenttype", "pk": 7, "fields": {"app_label": "main", "model": "needy"}}, {"model": "contenttypes.contenttype", "pk": 8, "fields": {"app_label": "main", "model": "event"}}, {"model": "contenttypes.contenttype", "pk": 9, "fields": {"app_label": "authentication", "model": "user"}}, {"model": "contenttypes.contenttype", "pk": 10, "fields": {"app_label": "home", "model": "ruraldistrict"}}, {"model": "contenttypes.contenttype", "pk": 11, "fields": {"app_label": "home", "model": "localities"}}, {"model": "contenttypes.contenttype", "pk": 12, "fields": {"app_label": "status", "model": "category"}}, {"model": "contenttypes.contenttype", "pk": 13, "fields": {"app_label": "status", "model": "statushome"}}, {"model": "contenttypes.contenttype", "pk": 14, "fields": {"app_label": "status", "model": "statustype"}}, {"model": "sessions.session", "pk": "3i0e9ujzmbty9ya3r2y7vx0z1ui6c8lc", "fields": {"session_data": ".eJxVjEEOwiAQRe_C2pDCIIhL956BDDODVA1NSrsy3l2bdKHb_977L5VwXWpau8xpZHVWxqjD75iRHtI2wndst0nT1JZ5zHpT9E67vk4sz8vu_h1U7PVbAw4emQNwCRipOE8MJOHkrMc8RAOWBQgMUSThQs67YHPM5IwcC6j3By8eOR4:1njcDy:yd_s2FydUoUZL-s_wJ8o2dLWpKtddUGyhpv8t1_NMsI", "expire_date": "2022-05-11T07:36:34.980Z"}}, {"model": "main.event", "pk": 1, "fields": {"user": 7, "cash": 50000, "created_at": "2022-04-02T09:06:19.914Z", "type": "Аударылды", "needy": null, "needy_family": null, "comment": "", "file": ""}}, {"model": "main.event", "pk": 2, "fields": {"user": 4, "cash": 100000, "created_at": "2022-04-02T09:07:27.058Z", "type": "Жеке аударылды", "needy": 2, "needy_family": null, "comment": "", "file": ""}}, {"model": "main.event", "pk": 3, "fields": {"user": 1, "cash": 20000, "created_at": "2022-04-02T09:07:40.812Z", "type": "Берілді", "needy": 2, "needy_family": null, "comment": "", "file": ""}}, {"model": "main.event", "pk": 4, "fields": {"user": 4, "cash": 80000, "created_at": "2022-04-02T09:07:54.377Z", "type": "Аударылды", "needy": null, "needy_family": null, "comment": "", "file": ""}}, {"model": "main.event", "pk": 5, "fields": {"user": 1, "cash": 25000, "created_at": "2022-04-02T09:08:55.833Z", "type": "Берілді", "needy": 4, "needy_family": null, "comment": "", "file": ""}}, {"model": "main.event", "pk": 6, "fields": {"user": 7, "cash": 500000, "created_at": "2022-04-02T09:09:18.267Z", "type": "Аударылды", "needy": null, "needy_family": null, "comment": "", "file": ""}}, {"model": "main.family", "pk": 2, "fields": {"main_family": 2, "address": "Шаян, Байтурсынов 8", "region": 1, "eldimeken": null, "lat": null, "lng": null}}, {"model": "main.family", "pk": 3, "fields": {"main_family": 3, "address": "Кунаева 86", "region": 1, "eldimeken": null, "lat": null, "lng": null}}, {"model": "main.family", "pk": 4, "fields": {"main_family": 6, "address": "Кызылжар 765", "region": 1, "eldimeken": null, "lat": null, "lng": null}}, {"model": "main.family", "pk": 5, "fields": {"main_family": 7, "address": "Шымкент", "region": null, "eldimeken": null, "lat": null, "lng": null}}, {"model": "main.family", "pk": 6, "fields": {"main_family": 5, "address": "Шаян, Байтурсынов 8", "region": 1, "eldimeken": 1, "lat": null, "lng": null}}, {"model": "main.needy", "pk": 1, "fields": {"user": 2, "phone": "87089342532", "address": "Шаян, Байтурсынов 8", "iin": "054035034505", "family": 2, "status": 1, "category": 2, "hasJob": "Жұмысы бар", "canJob": "Жұмысқа жарамды", "image": "", "statusHome": 3, "period": "2022-04-30", "childTotal": null, "getHelp": "fdlk jvdklf jdklfjld cfkdslvmf edf vfdkljfkls fdlk jvdklf jdklfjld cfkdslvmf edf vfdkljfkls fdlk jvdklf jdklfjldfdlk jvdklf jdklfjld cfkdslvmf edf vfdkljfkls fdlk jvdklf jdklfjld cfkdslvmf edf vfdkljfkls fdlk jvdklf jdklfjld", "typeHelp": "fdlk jvdklf jdklfjld cfkdslvmf edf vfdkljfkls fdlk jvdklf jdklfjld cfkdslvmf edf vfdkljfkls fdlk jvdklf jdklfjldfdlk jvdklf jdklfjld cfkdslvmf edf vfdkljfkls fdlk jvdklf jdklfjld cfkdslvmf edf vfdkljfkls fdlk jvdklf jdklfjld", "comment": "fdlk jvdklf jdklfjld cfkdslvmf edf vfdkljfkls fdlk jvdklf jdklfjld cfkdslvmf edf vfdkljfkls fdlk jvdklf jdklfjldfdlk jvdklf jdklfjld cfkdslvmf edf vfdkljfkls fdlk jvdklf jdklfjld cfkdslvmf edf vfdkljfkls fdlk jvdklf jdklfjld", "created_at": "2022-04-02T08:35:06Z", "updated_at": "2022-04-24T13:19:33.260Z", "owner": 1, "changed_onwer": 1}}, {"model": "main.needy", "pk": 2, "fields": {"user": 9, "phone": "87089342532", "address": "Рахима плаза 83", "iin": "054035034504", "family": 2, "status": 1, "category": 1, "hasJob": "Жұмысы жоқ", "canJob": "Жұмысқа жарамды", "image": "", "statusHome": 2, "period": "2022-05-30", "childTotal": null, "getHelp": "", "typeHelp": "", "comment": "", "created_at": "2022-04-02T08:55:58Z", "updated_at": "2022-04-02T08:56:51.367Z", "owner": 1, "changed_onwer": null}}, {"model": "main.needy", "pk": 3, "fields": {"user": 3, "phone": "87089342532", "address": "Аркалык 14", "iin": "020593059043", "family": 3, "status": 2, "category": 2, "hasJob": "Жұмысы бар", "canJob": "Жұмысы жарамсыз", "image": "", "statusHome": 1, "period": "2022-04-16", "childTotal": null, "getHelp": "", "typeHelp": "", "comment": "", "created_at": "2022-04-02T08:57:30Z", "updated_at": "2022-04-13T12:13:09.314Z", "owner": 1, "changed_onwer": 1}}, {"model": "main.needy", "pk": 4, "fields": {"user": 8, "phone": "87089531792", "address": "Аркалык 95", "iin": "020593059043", "family": 3, "status": 3, "category": 2, "hasJob": "Жұмысы жоқ", "canJob": "Жұмысы жарамсыз", "image": "", "statusHome": 2, "period": "2022-04-12", "childTotal": null, "getHelp": "", "typeHelp": "", "comment": "", "created_at": "2022-04-02T08:58:53Z", "updated_at": "2022-04-02T08:59:35.096Z", "owner": 1, "changed_onwer": null}}, {"model": "main.needy", "pk": 5, "fields": {"user": 6, "phone": "87012623590", "address": "Рыскулов 85", "iin": "004035034504", "family": 6, "status": 1, "category": 1, "hasJob": "Жұмысы жоқ", "canJob": "Жұмысқа жарамды", "image": "", "statusHome": 2, "period": "2022-05-14", "childTotal": null, "getHelp": "", "typeHelp": "", "comment": "", "created_at": "2022-04-02T08:59:37Z", "updated_at": "2022-04-24T19:18:54.513Z", "owner": 1, "changed_onwer": 1}}, {"model": "main.needy", "pk": 6, "fields": {"user": 5, "phone": "87028593453", "address": "Сарыагаш 85", "iin": "954035034504", "family": 4, "status": 2, "category": 1, "hasJob": "Жұмысы бар", "canJob": "Жұмысқа жарамды", "image": "", "statusHome": 3, "period": "2022-06-17", "childTotal": null, "getHelp": "", "typeHelp": "", "comment": "", "created_at": "2022-04-02T09:00:33Z", "updated_at": "2022-04-02T09:01:52.025Z", "owner": 1, "changed_onwer": null}}, {"model": "main.needy", "pk": 7, "fields": {"user": 10, "phone": "87028593453", "address": "Кызылжар 765", "iin": "954035034504", "family": 5, "status": 2, "category": 1, "hasJob": "Жұмысы жоқ", "canJob": "Жұмысы жарамсыз", "image": "", "statusHome": 2, "period": "2022-04-28", "childTotal": null, "getHelp": "cfkdslvmf edf vfdkljfkls fdlk jvdklf jdklfjld", "typeHelp": "", "comment": "", "created_at": "2022-04-02T09:02:13Z", "updated_at": "2022-04-27T07:27:07.211Z", "owner": 1, "changed_onwer": 1}}, {"model": "authentication.user", "pk": 1, "fields": {"password": "pbkdf2_sha256$320000$G6maHcu6zDMoO3Kf5P9XKt$gllpe8pqDOWdhJqAmBcSJCHgMFDQ5QrC9FOZO8bzKHI=", "last_login": "2022-04-26T20:32:24.712Z", "name": "Даурен", "surName": "Юсупов", "email": "djars500@gmail.com", "username": "Қор", "image": "users/17576805-768B-40DA-ABFA-34C5C8E11715_CDg8EtJ.jpeg", "is_staff": true, "is_active": true, "is_superuser": true, "groups": [1, 3], "user_permissions": []}}, {"model": "authentication.user", "pk": 2, "fields": {"password": "pbkdf2_sha256$320000$qpyyi4jKfBc4npvGEkPFP8$86FP1w0EG+6D3bnRoeX0Y16gLxrItwmLRGPp635t5wE=", "last_login": null, "name": "Нурсулу", "surName": "Ахмедова", "email": "djars501@gmail.com", "username": "Нурсулу Ахмедова", "image": "", "is_staff": true, "is_active": true, "is_superuser": false, "groups": [4], "user_permissions": []}}, {"model": "authentication.user", "pk": 3, "fields": {"password": "pbkdf2_sha256$320000$JuI1pOFZP3RcdRR2nCjd05$H5GZAjmc6g4WKyJ/BJBbXqkZVVe5bQQPBZOlbCjRtSg=", "last_login": null, "name": "Даурен", "surName": "Жунусов", "email": "djars503@gmail.com", "username": "Даурен Жунусов", "image": "", "is_staff": true, "is_active": true, "is_superuser": false, "groups": [4], "user_permissions": []}}, {"model": "authentication.user", "pk": 4, "fields": {"password": "pbkdf2_sha256$320000$lf5uBKwh8gyAC6YO45yMwl$DIAVCvk8IpGgJGDhJEhQ9eDfa+B/PuW0LUbFivBI+D0=", "last_login": null, "name": "Рахым", "surName": "Болат", "email": "djars100@gmail.com", "username": "Демеуші", "image": "", "is_staff": true, "is_active": true, "is_superuser": false, "groups": [1], "user_permissions": []}}, {"model": "authentication.user", "pk": 5, "fields": {"password": "pbkdf2_sha256$320000$ROP5yfBUoGHP5UwrSAVlKE$m8za4bPVk0vd2eWSWXErFRtMoagP2kKDNE3qH+Pwf8w=", "last_login": null, "name": "Максат", "surName": "Ризаметов", "email": "djars530@gmail.com", "username": "Максат Ризаметов", "image": "", "is_staff": true, "is_active": true, "is_superuser": false, "groups": [4], "user_permissions": []}}, {"model": "authentication.user", "pk": 6, "fields": {"password": "pbkdf2_sha256$320000$DAqefMaWqUrCadEpoqiuxw$kF7RMnoTzPGkTuVhslYs9afvhet5UDx0TSgR0cAkjLU=", "last_login": null, "name": "Бахыт", "surName": "Юсупов", "email": "djars50@gmail.com", "username": "Бахыт Юсупов", "image": "", "is_staff": true, "is_active": true, "is_superuser": false, "groups": [4], "user_permissions": []}}, {"model": "authentication.user", "pk": 7, "fields": {"password": "pbkdf2_sha256$320000$0jO5nLeCiVI2GrkAhpC4NK$D0KtkpKAKbULSmQyxP6ZV8NlVNCZn6dP4Ol3TQesxcU=", "last_login": null, "name": "Нурдаулет", "surName": "Есжанов", "email": "djars508@gmail.com", "username": "Демеуші", "image": "", "is_staff": true, "is_active": true, "is_superuser": false, "groups": [1], "user_permissions": []}}, {"model": "authentication.user", "pk": 8, "fields": {"password": "pbkdf2_sha256$320000$btgizJh9D7azXMAdlgCkXO$yJy0Z4mByQNMiLW/HDG3HPUjq54GxVcTj5C8h6V++Eg=", "last_login": null, "name": "Гани", "surName": "Утегенов", "email": "djars509@gmail.com", "username": "Гани Утегенов", "image": "", "is_staff": true, "is_active": true, "is_superuser": false, "groups": [4], "user_permissions": []}}, {"model": "authentication.user", "pk": 9, "fields": {"password": "pbkdf2_sha256$320000$NYU0cCc9EKSkDyhUGIXXHo$AucXJSEuvdjzEGOA5ESpyXEqHzr8vlu0hkRS7FpIe0U=", "last_login": null, "name": "Хаят", "surName": "Рахимов", "email": "djars502@gmail.com", "username": "Хаят Рахимов", "image": "", "is_staff": true, "is_active": true, "is_superuser": false, "groups": [4], "user_permissions": []}}, {"model": "authentication.user", "pk": 10, "fields": {"password": "pbkdf2_sha256$320000$205rYZHP5IeeY1TMx5xOic$39LB2+7Bq0Ka4cx5ODVZUzhva/my5L4qt9WtOevyVJE=", "last_login": null, "name": "Расул", "surName": "Шавкатов", "email": "djars1000@gmail.com", "username": "Расул Шавкатов", "image": "users/reading_new.png", "is_staff": true, "is_active": true, "is_superuser": false, "groups": [4], "user_permissions": []}}, {"model": "authentication.user", "pk": 11, "fields": {"password": "pbkdf2_sha256$320000$gC73FVK71ELWXf7wAEiTj4$bjd9MKmsYiAstX08hjSerXRlmQ5z1Q0xWAIvKvjsF5Q=", "last_login": "2022-04-27T07:36:34.979Z", "name": "Дияр", "surName": "Дияр", "email": "d@mail.com", "username": "Демеуші", "image": "", "is_staff": true, "is_active": true, "is_superuser": true, "groups": [1], "user_permissions": []}}, {"model": "authentication.user", "pk": 12, "fields": {"password": "pbkdf2_sha256$320000$dCLawMIcKv0oW06fXT7b9Z$4uwZop50Zf2xV1wHIiacHJUQf6m+KqhB8EIIWyJcgVw=", "last_login": null, "name": "Ахмед", "surName": "Бахтияров", "email": "muktaj@gmail.com", "username": "", "image": "", "is_staff": true, "is_active": true, "is_superuser": false, "groups": [4], "user_permissions": []}}, {"model": "home.ruraldistrict", "pk": 1, "fields": {"name": "Шаян", "lat": null, "lng": null}}, {"model": "home.localities", "pk": 1, "fields": {"name": "Байдибек", "lat": 42.19705782897213, "lng": 69.95598711561539, "rural": 1}}, {"model": "home.localities", "pk": 2, "fields": {"name": "Казыбек би", "lat": 42.19705782897213, "lng": 69.95598711561539, "rural": 1}}, {"model": "status.category", "pk": 1, "fields": {"name": "Мөгедек"}}, {"model": "status.category", "pk": 2, "fields": {"name": "Жетім"}}, {"model": "status.statustype", "pk": 1, "fields": {"name": "Мұқтаж"}}, {"model": "status.statustype", "pk": 2, "fields": {"name": "Жасалуда"}}, {"model": "status.statustype", "pk": 3, "fields": {"name": "Көмек алғандар"}}, {"model": "status.statushome", "pk": 1, "fields": {"name": "Нашар"}}, {"model": "status.statushome", "pk": 2, "fields": {"name": "Орта"}}, {"model": "status.statushome", "pk": 3, "fields": {"name": "Ортадан жоғары"}}]